{"CharacterCoordinates":{"x":0.3464882969856262,"y":3.359999179840088,"z":-44.40053939819336},"CharacterRotation":{"x":0.0,"y":1.0,"z":0.0,"w":7.450580596923828e-9},"SceneIndex":1}