{"CharacterCoordinates":{"x":1.5702416896820069,"y":3.359990119934082,"z":-40.91288757324219},"CharacterRotation":{"x":0.0,"y":0.7071062922477722,"z":0.0,"w":0.7071073651313782},"SceneIndex":1}